title,description,priority,category,actionType,pulseImpact,isActive,triggerType,triggerValue,subCategory,id,created_date,updated_date,created_by_id,created_by,is_sample
"Call 12 VIP's","Use the FORD script to do check-in calls","high","power_hour","lead_generation","8","true","day_of_week","2","","68b084dc9e0eaf702538dae8","2025-08-28T16:33:32.671000","2025-08-28T16:33:32.671000","68a795970202102129f19984","officeofcjm@gmail.com","false"
"Call & update everyone involved in an active transaction","Provide a status call to your active sellers, buyers, lenders, title companies, attorneys, insurance, inspectors, etc","high","power_hour","transaction_task","10","true","day_of_week","3","","68b084dc9e0eaf702538dae9","2025-08-28T16:33:32.771000","2025-08-28T16:33:32.771000","68a795970202102129f19984","officeofcjm@gmail.com","false"
"Reach out to your hot and old leads","The goal is to close for an appointment","high","power_hour","lead_generation","9","true","day_of_week","4","","68b084dc9e0eaf702538daea","2025-08-28T16:33:32.799000","2025-08-28T16:33:32.799000","68a795970202102129f19984","officeofcjm@gmail.com","false"
"Call 12 past clients","Use the FORD script to do check-in calls","high","power_hour","client_follow_up","8","true","day_of_week","5","","68b084dc9e0eaf702538daeb","2025-08-28T16:33:32.821000","2025-08-28T16:33:32.821000","68a795970202102129f19984","officeofcjm@gmail.com","false"
"Call 10 vendors and 2 builders","The goal is to set up 2 discovery meetings","high","power_hour","networking","8","true","day_of_week","6","","68b084dc9e0eaf702538daed","2025-08-28T16:33:32.841000","2025-08-28T16:33:32.841000","68a795970202102129f19984","officeofcjm@gmail.com","false"
"Schedule 1 lunch/coffee meeting with a VIP","Take someone from your VIP list out to lunch or coffee","medium","pulse_based","networking","8","true","day_of_week","2","","68b084dc9e0eaf702538daee","2025-08-28T16:33:32.854000","2025-08-28T16:33:32.854000","68a795970202102129f19984","officeofcjm@gmail.com","false"
"Complete Goals Planner","Mark as complete once you've finished","high","pulse_based","skill_development","6","true","account_day_exact","1","","68b084dc9e0eaf702538daef","2025-08-28T16:33:32.884000","2025-08-28T16:33:32.884000","68a795970202102129f19984","officeofcjm@gmail.com","false"
"Take the SuccessIndex Assessment","Mark as complete once you've finished","high","pulse_based","skill_development","5","true","account_day_exact","1","","68b084dc9e0eaf702538daf1","2025-08-28T16:33:32.925000","2025-08-28T16:33:32.925000","68a795970202102129f19984","officeofcjm@gmail.com","false"
"Do an Overall Business Reflection","Reflect on current business state, what's working, what isn't, and 12-month goals","medium","goals_planning","skill_development","6","true","account_day_exact","2","","68b084dc9e0eaf702538daf2","2025-08-28T16:33:32.949000","2025-08-28T16:33:32.949000","68a795970202102129f19984","officeofcjm@gmail.com","false"
"Write Vision and Mission Statements","Define where you want your business to be in 1, 3, 5 years (Vision) and your purpose/impact (Mission)","medium","goals_planning","skill_development","6","true","account_day_exact","2","","68b084dc9e0eaf702538daf3","2025-08-28T16:33:32.963000","2025-08-28T16:33:32.963000","68a795970202102129f19984","officeofcjm@gmail.com","false"
"Identify 5 Key Focus Areas","List 5 key business areas to focus on this year from the Business Planning lesson","medium","goals_planning","skill_development","6","true","account_day_exact","3","","68b084dc9e0eaf702538daf4","2025-08-28T16:33:32.975000","2025-08-28T16:33:32.975000","68a795970202102129f19984","officeofcjm@gmail.com","false"
"Set SMART Goals for Each Focus Area","Create specific, measurable, achievable, relevant, and time-bound goals for each focus area","medium","goals_planning","skill_development","6","true","account_day_exact","3","","68b084dc9e0eaf702538daf5","2025-08-28T16:33:32.993000","2025-08-28T16:33:32.993000","68a795970202102129f19984","officeofcjm@gmail.com","false"
"Break Goals into Tactics & Identify Dependencies","Break each goal into actionable steps and identify required resources, tools, or support","medium","goals_planning","skill_development","6","true","account_day_exact","4","","68b084dd9e0eaf702538daf6","2025-08-28T16:33:33.066000","2025-08-28T16:33:33.066000","68a795970202102129f19984","officeofcjm@gmail.com","false"
"Define Measures of Success for each Tactic","Define measurable outcomes and targets for each goal","medium","goals_planning","skill_development","6","true","account_day_exact","5","","68b084dd9e0eaf702538daf7","2025-08-28T16:33:33.098000","2025-08-28T16:33:33.098000","68a795970202102129f19984","officeofcjm@gmail.com","false"
"Set Timelines with Milestones","Create deadlines for each goal and outline key milestones using timeline template","medium","goals_planning","skill_development","6","true","account_day_exact","5","","68b084dd9e0eaf702538dafa","2025-08-28T16:33:33.180000","2025-08-28T16:33:33.180000","68a795970202102129f19984","officeofcjm@gmail.com","false"
"Conduct a Time Audit","Track daily activities for one week and categorize as productive, non-productive, or personal","medium","goals_planning","skill_development","6","true","account_day_exact","6","","68b084dd9e0eaf702538dafc","2025-08-28T16:33:33.197000","2025-08-28T16:33:33.197000","68a795970202102129f19984","officeofcjm@gmail.com","false"
"Complete Time Audit Summary Chart & Reflection","Total time spent in each category and answer reflection questions about productivity","medium","build_business","skill_development","4","true","account_day_exact","6","","68b084dd9e0eaf702538dafd","2025-08-28T16:33:33.218000","2025-08-28T16:33:33.218000","68a795970202102129f19984","officeofcjm@gmail.com","false"
"Implement Action Plan to Optimize Time","List distraction-limiting strategies you'll implement","medium","build_business","skill_development","4","true","account_day_exact","6","","68b084dd9e0eaf702538dafe","2025-08-28T16:33:33.296000","2025-08-28T16:33:33.296000","68a795970202102129f19984","officeofcjm@gmail.com","false"
"Add Weekly Time-Blocked Calendar to Devices","Create time-blocked weekly calendar using provided template","medium","build_business","skill_development","4","true","account_day_exact","7","","68b084dd9e0eaf702538db00","2025-08-28T16:33:33.315000","2025-08-28T16:33:33.315000","68a795970202102129f19984","officeofcjm@gmail.com","false"
"List Distraction-Limiting Strategies","Identify and list strategies to minimize distractions during work","medium","build_business","skill_development","4","true","account_day_exact","7","","68b084dd9e0eaf702538db01","2025-08-28T16:33:33.340000","2025-08-28T16:33:33.340000","68a795970202102129f19984","officeofcjm@gmail.com","false"
"Accountability Planning","Reflect on implementation challenges and identify accountability methods","medium","build_business","skill_development","6","true","account_day_exact","8","","68b084dd9e0eaf702538db03","2025-08-28T16:33:33.367000","2025-08-28T16:33:33.367000","68a795970202102129f19984","officeofcjm@gmail.com","false"
"Complete Pillar 1 Checklist","Review that you've completed vision/mission, focus areas, SMART goals, tactics, metrics, deadlines, time-blocking, distraction strategies","medium","build_business","skill_development","0.1","true","account_day_exact","8","","68b084dd9e0eaf702538db04","2025-08-28T16:33:33.379000","2025-08-28T16:33:33.379000","68a795970202102129f19984","officeofcjm@gmail.com","false"
"Create Your 3 Master Lists","Compile 50 each of Referral Partners, VIP People, and Past Clients from contacts/social/email","medium","build_business","skill_development","8","true","account_day_exact","9","","68b084dd9e0eaf702538db05","2025-08-28T16:33:33.884000","2025-08-28T16:33:33.884000","68a795970202102129f19984","officeofcjm@gmail.com","false"
"Assess Relationship Strength","Use assessment questions for each lead; invest time in strengthening weak relationships","medium","build_business","skill_development","7","true","account_day_exact","9","","68b084de9e0eaf702538db06","2025-08-28T16:33:34.134000","2025-08-28T16:33:34.134000","68a795970202102129f19984","officeofcjm@gmail.com","false"
"Optimize Social Media Profiles","Use professional photo, ensure bio includes title, location, contact info, and add CTA link for name and email","medium","build_business","skill_development","2","true","account_day_exact","10","","68b084de9e0eaf702538db08","2025-08-28T16:33:34.163000","2025-08-28T16:33:34.163000","68a795970202102129f19984","officeofcjm@gmail.com","false"
"Create a Linktree or Single Landing Page for Social Media","Create a central link that you'll use as your website link on all social media profiles","medium","build_business","skill_development","4","true","account_day_exact","10","","68b084de9e0eaf702538db0a","2025-08-28T16:33:34.181000","2025-08-28T16:33:34.181000","68a795970202102129f19984","officeofcjm@gmail.com","false"
"Engage on Social Media","Spend 10-15 minutes liking, commenting, responding, and using direct messages","medium","build_business","skill_development","4","true","day_of_week","any","","68b084de9e0eaf702538db0b","2025-08-28T16:33:34.194000","2025-08-28T16:33:34.194000","68a795970202102129f19984","officeofcjm@gmail.com","false"
"Identify and Leverage Referral Partners","Identify current top referral partners and create partnership plans","medium","build_business","skill_development","8","true","account_day_exact","11","","68b084de9e0eaf702538db0d","2025-08-28T16:33:34.210000","2025-08-28T16:33:34.210000","68a795970202102129f19984","officeofcjm@gmail.com","false"
"CRM Workflow Implementation","Complete 8-step CRM setup including import, organization, automation, and maintenance","medium","build_business","skill_development","4","true","account_day_exact","11","","68b084de9e0eaf702538db0e","2025-08-28T16:33:34.243000","2025-08-28T16:33:34.243000","68a795970202102129f19984","officeofcjm@gmail.com","false"
"Complete Pillar 2 Checklist","Build 500-contact database, use posting schedule daily, implement lead process, log/categorize all leads, cultivate referral partners","medium","build_business","skill_development","0.1","true","account_day_exact","11","","68b084de9e0eaf702538db0f","2025-08-28T16:33:34.274000","2025-08-28T16:33:34.274000","68a795970202102129f19984","officeofcjm@gmail.com","false"
"Define Your Unique Value Proposition (UVP)","Complete UVP framework to refine your sales pitch","medium","build_business","skill_development","4","true","account_day_exact","12","","68b084de9e0eaf702538db10","2025-08-28T16:33:34.299000","2025-08-28T16:33:34.299000","68a795970202102129f19984","officeofcjm@gmail.com","false"
"Practice and Rehearse Your Sales Pitch","Write and rehearse your pitch using the provided template","medium","build_business","skill_development","4","true","account_day_exact","12","","68b084de9e0eaf702538db11","2025-08-28T16:33:34.312000","2025-08-28T16:33:34.312000","68a795970202102129f19984","officeofcjm@gmail.com","false"
"Objection Handling Exercises","Practice using objection-handling scripts and role-play scenarios","medium","build_business","skill_development","4","true","account_day_exact","13","","68b084de9e0eaf702538db13","2025-08-28T16:33:34.325000","2025-08-28T16:33:34.325000","68a795970202102129f19984","officeofcjm@gmail.com","false"
"Memorize and Present Buyer's Advantage Program","Learn and incorporate top five advantages into buyer consultations","medium","build_business","skill_development","10","true","account_day_exact","14","","68b084de9e0eaf702538db14","2025-08-28T16:33:34.333000","2025-08-28T16:33:34.333000","68a795970202102129f19984","officeofcjm@gmail.com","false"
"Incorporate Forever Fans Program in Consultation Materials","Include program flyer in all consultation packets","medium","build_business","skill_development","4","true","account_day_exact","15","","68b084de9e0eaf702538db15","2025-08-28T16:33:34.349000","2025-08-28T16:33:34.349000","68a795970202102129f19984","officeofcjm@gmail.com","false"
"Complete Pillar 4 Checklist","Review UVP, pitch, objection scripts, client programs, Worry-Free Addendum, and negotiation techniques","medium","build_business","skill_development","0.1","true","account_day_exact","16","","68b084de9e0eaf702538db16","2025-08-28T16:33:34.356000","2025-08-28T16:33:34.356000","68a795970202102129f19984","officeofcjm@gmail.com","false"
"Organize and Segment Your Database Using CRM","Create a CRM tagging system to label each contact appropriately","medium","build_business","skill_development","8","true","account_day_exact","16","","68b084de9e0eaf702538db18","2025-08-28T16:33:34.363000","2025-08-28T16:33:34.363000","68a795970202102129f19984","officeofcjm@gmail.com","false"
"Add to Calendar to Hold Daily Team Meetings","Assign priorities, review progress, delegate using Big Rocks meeting structure","medium","build_business","skill_development","4","true","account_day_exact","17","","68b084de9e0eaf702538db19","2025-08-28T16:33:34.371000","2025-08-28T16:33:34.371000","68a795970202102129f19984","officeofcjm@gmail.com","false"
"Update Revenue Tracker","Record income and categorize expenses weekly","medium","pulse_based","skill_development","4","true","day_of_week","1","","68b084de9e0eaf702538db1a","2025-08-28T16:33:34.379000","2025-08-28T16:33:34.379000","68a795970202102129f19984","officeofcjm@gmail.com","false"
"Weekly Transaction Review","Dedicate time in meetings to review status of all active deals","medium","pulse_based","transaction_task","4","true","day_of_week","2","","68b084de9e0eaf702538db1b","2025-08-28T16:33:34.386000","2025-08-28T16:33:34.386000","68a795970202102129f19984","officeofcjm@gmail.com","false"
"Complete Pillar 5 Checklist","Review CRM organization, delegation, meetings, financial tracking, transaction management, automation","medium","build_business","skill_development","0.1","true","account_day_exact","17","","68b084de9e0eaf702538db1c","2025-08-28T16:33:34.392000","2025-08-28T16:33:34.392000","68a795970202102129f19984","officeofcjm@gmail.com","false"
"Identify and Categorize Referral Partners","Use Power Unit Referral Partner List template to identify and categorize top referral partners","medium","build_business","skill_development","8","true","account_day_exact","18","","68b084de9e0eaf702538db1d","2025-08-28T16:33:34.399000","2025-08-28T16:33:34.399000","68a795970202102129f19984","officeofcjm@gmail.com","false"
"Communicate Referral Expectations with Scripts","Role-play referral conversations to build confidence using provided scripts","medium","build_business","skill_development","8","true","account_day_exact","18","","68b084de9e0eaf702538db1e","2025-08-28T16:33:34.411000","2025-08-28T16:33:34.411000","68a795970202102129f19984","officeofcjm@gmail.com","false"
"Implement Referral Moments in Client Interactions","Recognize trigger phrases, respond with referral ask, set expectation early","medium","build_business","lead_generation","8","true","account_day_exact","19","","68b084de9e0eaf702538db1f","2025-08-28T16:33:34.427000","2025-08-28T16:33:34.427000","68a795970202102129f19984","officeofcjm@gmail.com","false"
"Implement 12-Month Client Gift Plan","Schedule and deliver monthly gifts to clients/partners using provided table","medium","build_business","lead_generation","8","true","account_day_exact","20","","68b084de9e0eaf702538db20","2025-08-28T16:33:34.434000","2025-08-28T16:33:34.434000","68a795970202102129f19984","officeofcjm@gmail.com","false"
"Identify High-Value Whale Clients and Deliver Premium Gifts","Create budget and identify high-value contacts for premium whale gifts","medium","build_business","client_follow_up","6","true","account_day_exact","20","","68b084de9e0eaf702538db21","2025-08-28T16:33:34.447000","2025-08-28T16:33:34.447000","68a795970202102129f19984","officeofcjm@gmail.com","false"
"Set Up Automated Email Campaigns for Referrals","Use CRM to set up automated emails for regular touches with past clients/partners","medium","build_business","lead_generation","8","true","account_day_exact","21","","68b084de9e0eaf702538db23","2025-08-28T16:33:34.455000","2025-08-28T16:33:34.455000","68a795970202102129f19984","officeofcjm@gmail.com","false"
"Complete Pillar 6 Checklist","Ensure you've identified partners, scheduled check-ins, follow-up, sent gifts, held events, practiced referral asks","medium","build_business","skill_development","0.1","true","account_day_exact","21","","68b084de9e0eaf702538db24","2025-08-28T16:33:34.469000","2025-08-28T16:33:34.469000","68a795970202102129f19984","officeofcjm@gmail.com","false"
"Review trending real estate podcasts and subscribe to one","Subscribe to several trending real estate podcasts and select one to subscribe for ongoing industry insights and strategies","medium","build_business","skill_development","5","true","account_day_exact","22","","68b084de9e0eaf702538db25","2025-08-28T16:33:34.487000","2025-08-28T16:33:34.487000","68a795970202102129f19984","officeofcjm@gmail.com","false"
"Film a video introducing yourself for Instagram","Record a short video sharing who you are, what problem do your ideal clients have, and how you help them solve it","medium","build_business","social_media","3","true","account_day_exact","23","","68b084de9e0eaf702538db26","2025-08-28T16:33:34.542000","2025-08-28T16:33:34.542000","68a795970202102129f19984","officeofcjm@gmail.com","false"
"Attend a virtual industry webinar or workshop","Register for and actively participate in an online real estate webinar to learn new trends or tools","medium","build_business","market_research","5","true","account_day_exact","16","","68b084de9e0eaf702538db27","2025-08-28T16:33:34.556000","2025-08-28T16:33:34.556000","68a795970202102129f19984","officeofcjm@gmail.com","false"
"Research last monthâ€™s sales trends in your area","Review local MLS and market reports to identify patterns, price shifts, and active neighborhoods","medium","build_business","market_research","4","true","account_day_exact","23","","68b084de9e0eaf702538db28","2025-08-28T16:33:34.573000","2025-08-28T16:33:34.573000","68a795970202102129f19984","officeofcjm@gmail.com","false"
"Preview 2 homes on the market","Schedule and tour two available listings to stay updated on current inventory and features.","medium","social_media","market_research","4","true","day_of_week","4","","68b084de9e0eaf702538db29","2025-08-28T16:33:34.590000","2025-08-28T16:33:34.590000","68a795970202102129f19984","officeofcjm@gmail.com","false"
"Post a poll about home-buying trends on LinkedIn.","Create a LinkedIn poll asking your network about their top home-buying priorities or challenges.","medium","social_media","social_media","3","true","day_of_week","5","","68b084de9e0eaf702538db2a","2025-08-28T16:33:34.608000","2025-08-28T16:33:34.608000","68a795970202102129f19984","officeofcjm@gmail.com","false"
"Touch base with mortgage partners for new rates","Reach out to lending partners to get updates on mortgage rate changes and special programs.","medium","power_hour","market_research","4","true","day_of_week","6","","68b084de9e0eaf702538db2b","2025-08-28T16:33:34.624000","2025-08-28T16:33:34.624000","68a795970202102129f19984","officeofcjm@gmail.com","false"
"Scout a local event for networking opportunities.","Attend a community event or professional mixer to meet new contacts for potential referrals","medium","initiative","networking","8","true","account_day_exact","24","","68b084de9e0eaf702538db2c","2025-08-28T16:33:34.666000","2025-08-28T16:33:34.666000","68a795970202102129f19984","officeofcjm@gmail.com","false"
"Analyze rental market pricing charts for your county","Examine current rental data and pricing trends to advise investors and renters accurately","medium","build_business","market_research","4","true","account_day_exact","30","","68b084de9e0eaf702538db2d","2025-08-28T16:33:34.817000","2025-08-28T16:33:34.817000","68a795970202102129f19984","officeofcjm@gmail.com","false"
"Update Google My Business profile info","Log in to Google My Business and refresh your contact information, photos, and reviews.","medium","build_business","lead_generation","8","true","account_day_exact","24","","68b084de9e0eaf702538db30","2025-08-28T16:33:34.850000","2025-08-28T16:33:34.850000","68a795970202102129f19984","officeofcjm@gmail.com","false"
"Join a local Chamber of Commerce meeting","Attend a Chamber gathering to forge relationships with local business leaders and professionals.","medium","build_business","networking","7","true","account_day_exact","25","","68b084de9e0eaf702538db31","2025-08-28T16:33:34.883000","2025-08-28T16:33:34.883000","68a795970202102129f19984","officeofcjm@gmail.com","false"
"Tour a newly built development","Schedule an appointment to meet with a new home sales representative for a community in your market","medium","build_business","market_research","4","true","account_day_exact","25","","68b084de9e0eaf702538db32","2025-08-28T16:33:34.917000","2025-08-28T16:33:34.917000","68a795970202102129f19984","officeofcjm@gmail.com","false"
"Write a market update blog post","Draft and publish a blog post summarizing the latest local market data and insights.","medium","build_business","lead_generation","5","true","account_day_exact","26","","68b084de9e0eaf702538db34","2025-08-28T16:33:34.940000","2025-08-28T16:33:34.940000","68a795970202102129f19984","officeofcjm@gmail.com","false"
"Host a live Q&A about homebuying","Go live on social media to answer audience questions about buying a home in your market","medium","build_business","lead_generation","8","true","account_day_exact","30","","68b084de9e0eaf702538db35","2025-08-28T16:33:34.958000","2025-08-28T16:33:34.958000","68a795970202102129f19984","officeofcjm@gmail.com","false"
"Update email signature with latest branding","Edit your email signature to include updated contact info, branding colors, and links","medium","build_business","lead_generation","8","true","account_day_exact","27","","68b084de9e0eaf702538db36","2025-08-28T16:33:34.971000","2025-08-28T16:33:34.971000","68a795970202102129f19984","officeofcjm@gmail.com","false"
"Attend a mortgage/finance training.","Participate in a finance-related workshop or class to expand your understanding of lending products","medium","build_business","skill_development","5","true","account_day_exact","28","","68b084de9e0eaf702538db37","2025-08-28T16:33:34.991000","2025-08-28T16:33:34.991000","68a795970202102129f19984","officeofcjm@gmail.com","false"
"Join a Facebook group for local professionals.","Search for and join a business-oriented Facebook group in your area to connect and share insights.","medium","build_business","networking","4","true","account_day_exact","29","","68b084df9e0eaf702538db38","2025-08-28T16:33:35.001000","2025-08-28T16:33:35.001000","68a795970202102129f19984","officeofcjm@gmail.com","false"
"Inspirational Post","Kickstart the week with a positive, motivational message that resonates with your audience's goals.","medium","social_media","social_media","3","true","day_of_week","1","","68b084df9e0eaf702538db39","2025-08-28T16:33:35.014000","2025-09-08T14:57:57.486000","68a795970202102129f19984","officeofcjm@gmail.com","false"
"Sunday Brunch Spot","Share a popular local brunch spot from the weekend to showcase community involvement and lifestyle.","medium","social_media","social_media","3","true","day_of_week","1","","68b084df9e0eaf702538db3a","2025-08-28T16:33:35.032000","2025-09-08T14:58:27.302000","68a795970202102129f19984","officeofcjm@gmail.com","false"
"Market Update","Establish your expertise first thing Sunday with a key statistic or trend about the local market.","medium","social_media","social_media","5","true","day_of_week","1","","68b084df9e0eaf702538db3b","2025-08-28T16:33:35.053000","2025-09-08T14:58:59.578000","68a795970202102129f19984","officeofcjm@gmail.com","false"
"Client Need","Turn your network into your source of leads by clearly stating who your ideal client is and who you can help.","medium","social_media","social_media","3","true","day_of_week","2","","68b084df9e0eaf702538db3d","2025-08-28T16:33:35.064000","2025-09-08T15:03:01.889000","68a795970202102129f19984","officeofcjm@gmail.com","false"
"Relocation","Position yourself as the expert for newcomers by highlighting your ability to help people moving to the area.","medium","social_media","social_media","3","true","day_of_week","2","","68b084df9e0eaf702538db3f","2025-08-28T16:33:35.074000","2025-09-08T15:51:19.741000","68a795970202102129f19984","officeofcjm@gmail.com","false"
"Apartment Lease","Tap into the rental market and future buyer pipeline by showcasing 1 available apartment rental.","medium","social_media","social_media","3","true","day_of_week","2","","68b084df9e0eaf702538db40","2025-08-28T16:33:35.092000","2025-09-08T15:51:53.069000","68a795970202102129f19984","officeofcjm@gmail.com","false"
"Listing of the Day","Generate excitement and buyer interest for en active listing from your brokerage.","medium","social_media","social_media","4","true","day_of_week","3","","68b084df9e0eaf702538db41","2025-08-28T16:33:35.101000","2025-09-08T15:52:38.683000","68a795970202102129f19984","officeofcjm@gmail.com","false"
"Website Promotion","Post a link to your website to drive traffic and boost your search engine visibility. ","medium","social_media","social_media","3","true","day_of_week","3","","68b084df9e0eaf702538db42","2025-08-28T16:33:35.109000","2025-09-08T15:54:36.431000","68a795970202102129f19984","officeofcjm@gmail.com","false"
"All About YOU","Build know-like-trust by sharing a personal story, passion, or what drives you as an agent.","medium","social_media","social_media","3","true","day_of_week","3","","68b084df9e0eaf702538db43","2025-08-28T16:33:35.117000","2025-09-08T15:54:54.378000","68a795970202102129f19984","officeofcjm@gmail.com","false"
"Client Feature","Build social proof and celebrate a client's success with a testimonial or closing story. Use pictures or video if possible. ","medium","social_media","social_media","3","true","day_of_week","4","","68b084df9e0eaf702538db44","2025-08-28T16:33:35.148000","2025-09-08T15:56:18.131000","68a795970202102129f19984","officeofcjm@gmail.com","false"
"Open House Promotion","Promote a weekend open house (if you're hosting one) or if one is being held at one of your listings. ","medium","social_media","social_media","3","true","day_of_week","4","","68b084df9e0eaf702538db45","2025-08-28T16:33:35.181000","2025-09-08T15:56:58.042000","68a795970202102129f19984","officeofcjm@gmail.com","false"
"Tour Video","Post a property tour video to generate online engagement and buyer interest.","medium","social_media","social_media","3","true","day_of_week","4","","68b084df9e0eaf702538db48","2025-08-28T16:33:35.238000","2025-09-08T16:19:23.406000","68a795970202102129f19984","officeofcjm@gmail.com","false"
"City Weekend Event","Provide value as a community resource by sharing a local event happening over the weekend.","medium","social_media","social_media","3","true","day_of_week","5","","68b084df9e0eaf702538db49","2025-08-28T16:33:35.261000","2025-09-08T16:19:50.661000","68a795970202102129f19984","officeofcjm@gmail.com","false"
"Throwback Thursday","Share a nostalgic photo or story from your past","medium","social_media","social_media","3","true","day_of_week","5","","68b084df9e0eaf702538db4b","2025-08-28T16:33:35.281000","2025-09-08T16:20:16.128000","68a795970202102129f19984","officeofcjm@gmail.com","false"
"Industry News","Demonstrate you're a well-informed professional by sharing some relevant industry news.","medium","social_media","social_media","3","true","day_of_week","5","","68b084df9e0eaf702538db4c","2025-08-28T16:33:35.293000","2025-09-08T16:20:53.419000","68a795970202102129f19984","officeofcjm@gmail.com","false"
"Referral/Thank You Post","Publicly appreciate a past client or partner, which encourages future referrals.","medium","social_media","social_media","8","true","day_of_week","6","","68b084df9e0eaf702538db4d","2025-08-28T16:33:35.326000","2025-09-08T16:21:37.964000","68a795970202102129f19984","officeofcjm@gmail.com","false"
"Listing of the Day","Re-engage weekend scrollers with by highlighting a listing from your inventory or your brokerage's.","medium","social_media","social_media","4","true","day_of_week","6","","68b084df9e0eaf702538db4e","2025-08-28T16:33:35.337000","2025-09-08T16:22:16.796000","68a795970202102129f19984","officeofcjm@gmail.com","false"
"Open House Reminder","Post a last-call reminder for your open house happening that day.","medium","social_media","social_media","3","true","day_of_week","6","","68b084df9e0eaf702538db4f","2025-08-28T16:33:35.355000","2025-09-08T16:22:42.556000","68a795970202102129f19984","officeofcjm@gmail.com","false"
"Listing of the Day","Feature a ""dream home"" or standout property to capture weekend buyer attention.","medium","social_media","social_media","4","true","day_of_week","7","","68b084df9e0eaf702538db50","2025-08-28T16:33:35.382000","2025-09-08T16:22:58.115000","68a795970202102129f19984","officeofcjm@gmail.com","false"
"Your City Fun Fact","Share a piece of local trivia to reinforce your love and knowledge of the area.","medium","social_media","social_media","3","true","day_of_week","7","","68b084df9e0eaf702538db51","2025-08-28T16:33:35.395000","2025-09-08T16:23:18.508000","68a795970202102129f19984","officeofcjm@gmail.com","false"
"Event Photo","Document your community involvement by sharing a photo from a local event you attended.","medium","social_media","social_media","3","true","day_of_week","7","","68b084df9e0eaf702538db52","2025-08-28T16:33:35.406000","2025-09-08T16:23:32.333000","68a795970202102129f19984","officeofcjm@gmail.com","false"
"Share Someone Else's Post","Show that you are active and engaged by sharing someone else's post that your audience would like. ","medium","social_media","social_media","3","true","day_of_week","7","","68b084df9e0eaf702538db53","2025-08-28T16:33:35.414000","2025-09-08T16:24:24.919000","68a795970202102129f19984","officeofcjm@gmail.com","false"
"Thanks For Your Support","End the week on a grateful note by thanking your followers for their engagement and support.","medium","social_media","social_media","3","true","day_of_week","5","","68b084df9e0eaf702538db54","2025-08-28T16:33:35.425000","2025-09-08T16:24:39.412000","68a795970202102129f19984","officeofcjm@gmail.com","false"
"Update P&L Statements Monthly","Use P&L statement template to find areas for improvement and set financial goals","high","initiative","skill_development","6","true","initiative","any","monthly","68b084df9e0eaf702538db55","2025-08-28T16:33:35.435000","2025-08-28T16:33:35.435000","68a795970202102129f19984","officeofcjm@gmail.com","false"
"Develop Quarterly Budget","Create quarterly budget using provided templates","high","initiative","skill_development","6","true","initiative","any","quarterly","68b084df9e0eaf702538db56","2025-08-28T16:33:35.454000","2025-08-28T16:33:35.454000","68a795970202102129f19984","officeofcjm@gmail.com","false"
"Audit and Automate Routine Back Office Tasks","Identify repetitive tasks to automate for efficiency","high","initiative","skill_development","4","true","initiative","any","monthly","68b084df9e0eaf702538db57","2025-08-28T16:33:35.472000","2025-08-28T16:33:35.472000","68a795970202102129f19984","officeofcjm@gmail.com","false"
"Host an Educational Seminar","No description provided","high","initiative","skill_development","5","true","initiative","any","quarterly","68b084df9e0eaf702538db58","2025-08-28T16:33:35.484000","2025-08-28T16:33:35.484000","68a795970202102129f19984","officeofcjm@gmail.com","false"
"Host a Client Appreciation Event","No description provided","high","initiative","skill_development","7","true","initiative","any","annually","68b084df9e0eaf702538db59","2025-08-28T16:33:35.520000","2025-08-28T16:33:35.520000","68a795970202102129f19984","officeofcjm@gmail.com","false"
"Attend a Charity Event","No description provided","high","initiative","skill_development","7","true","initiative","any","semi-annually","68b084df9e0eaf702538db5b","2025-08-28T16:33:35.537000","2025-08-28T16:33:35.537000","68a795970202102129f19984","officeofcjm@gmail.com","false"
"Host a Networking Happy Hour","No description provided","high","initiative","skill_development","8","true","initiative","any","monthly","68b084df9e0eaf702538db5d","2025-08-28T16:33:35.627000","2025-08-28T16:33:35.627000","68a795970202102129f19984","officeofcjm@gmail.com","false"
"Send your Monthly Small Gift","No description provided","high","initiative","skill_development","7","true","initiative","any","monthly","68b084df9e0eaf702538db5f","2025-08-28T16:33:35.650000","2025-08-28T16:33:35.650000","68a795970202102129f19984","officeofcjm@gmail.com","false"
"Send your Letter of the Heart","No description provided","high","initiative","skill_development","7","true","initiative","any","monthly","68b084df9e0eaf702538db61","2025-08-28T16:33:35.673000","2025-08-28T16:33:35.673000","68a795970202102129f19984","officeofcjm@gmail.com","false"
"Send your Evidence of Success Marketing Piece","No description provided","high","initiative","skill_development","7","true","initiative","any","monthly","68b084df9e0eaf702538db63","2025-08-28T16:33:35.731000","2025-08-28T16:33:35.731000","68a795970202102129f19984","officeofcjm@gmail.com","false"
"Mail Out Your Monthly Referral Rewards","No description provided","high","initiative","skill_development","8","true","initiative","any","monthly","68b084df9e0eaf702538db66","2025-08-28T16:33:35.812000","2025-08-28T16:33:35.812000","68a795970202102129f19984","officeofcjm@gmail.com","false"
"Mail Out Your Monthly Birthday Cards","No description provided","high","initiative","skill_development","7","true","initiative","any","monthly","68b084df9e0eaf702538db69","2025-08-28T16:33:35.940000","2025-08-28T16:33:35.940000","68a795970202102129f19984","officeofcjm@gmail.com","false"
"Mail Out Your Monthly Anniversary Cards","No description provided","high","initiative","skill_development","7","true","initiative","any","monthly","68b084df9e0eaf702538db6a","2025-08-28T16:33:35.984000","2025-08-28T16:33:35.984000","68a795970202102129f19984","officeofcjm@gmail.com","false"
"Send Your High-Value Contact Gifts","No description provided","high","initiative","skill_development","7","true","initiative","any","monthly","68b084e09e0eaf702538db6c","2025-08-28T16:33:36.021000","2025-08-28T16:33:36.021000","68a795970202102129f19984","officeofcjm@gmail.com","false"
"Submit Your Agent Success Journal","No description provided","high","initiative","skill_development","7","true","day_of_week","any","","68b084e09e0eaf702538db6d","2025-08-28T16:33:36.082000","2025-08-28T16:33:36.082000","68a795970202102129f19984","officeofcjm@gmail.com","false"
"Update Your Profit & Loss Statement","No description provided","high","initiative","skill_development","7","true","initiative","any","monthly","68b084e09e0eaf702538db6e","2025-08-28T16:33:36.116000","2025-08-28T16:33:36.116000","68a795970202102129f19984","officeofcjm@gmail.com","false"
"Update Your Revenue Tracker","No description provided","high","initiative","skill_development","7","true","initiative","any","monthly","68b084e09e0eaf702538db6f","2025-08-28T16:33:36.126000","2025-08-28T16:33:36.126000","68a795970202102129f19984","officeofcjm@gmail.com","false"
"Host & Attend Your Daily Meeting","No description provided","high","initiative","skill_development","7","true","day_of_week","any","","68b084e09e0eaf702538db70","2025-08-28T16:33:36.139000","2025-08-28T16:33:36.139000","68a795970202102129f19984","officeofcjm@gmail.com","false"
"Review Your Daily Schedule","No description provided","high","initiative","skill_development","7","true","day_of_week","any","","68b084e09e0eaf702538db71","2025-08-28T16:33:36.148000","2025-08-28T16:33:36.148000","68a795970202102129f19984","officeofcjm@gmail.com","false"
"Collect a New Testimonial","No description provided","medium","initiative","skill_development","5","true","initiative","any","monthly","68b084e09e0eaf702538db72","2025-08-28T16:33:36.159000","2025-08-28T16:33:36.159000","68a795970202102129f19984","officeofcjm@gmail.com","false"
"Text 5 people you know about your real estate license","Send a simple text to 5 friends/family: ""Hey! I got my real estate license and am helping people buy/sell homes. Keep me in mind if you hear of anyone looking!""","medium","pulse_based","lead_generation","7","true","pulse_score_range","0-20","","68b084e09e0eaf702538db73","2025-08-28T16:33:36.174000","2025-08-28T16:33:36.174000","68a795970202102129f19984","officeofcjm@gmail.com","false"
"Post ""I'm a realtor"" story on social media","Create an Instagram/Facebook story with your license photo and text: ""Officially a licensed realtor! DM me if you're thinking of buying or selling!""","medium","pulse_based","social_media","6","true","pulse_score_range","0-20","","68b084e09e0eaf702538db74","2025-08-28T16:33:36.195000","2025-08-28T16:33:36.195000","68a795970202102129f19984","officeofcjm@gmail.com","false"
"Walk one neighborhood for 30 minutes","Pick a neighborhood you want to work and walk for 30 minutes. Take photos of 3 homes, note price ranges, and post about the area on social media.","medium","pulse_based","market_research","5","true","pulse_score_range","0-30","","68b084e09e0eaf702538db76","2025-08-28T16:33:36.215000","2025-08-28T16:33:36.215000","68a795970202102129f19984","officeofcjm@gmail.com","false"
"Send handwritten note to 5 past connections","Write 5 handwritten notes to former colleagues, classmates, or neighbors. Simple message: ""Thinking of you! I'm now helping people with real estate - let me know if I can help you or anyone you know.""","medium","pulse_based","networking","7","true","pulse_score_range","0-40","","68b084e09e0eaf702538db7c","2025-08-28T16:33:36.333000","2025-08-28T16:33:36.333000","68a795970202102129f19984","officeofcjm@gmail.com","false"
"Door knock 10 homes in expired listing area","Find an area with expired listings and door knock 10 homes. Script: ""Hi, I noticed homes in this area were on the market recently. Are you still thinking of selling? I have ideas that might help.""","medium","pulse_based","lead_generation","9","true","pulse_score_range","21-60","","68b084e09e0eaf702538db7d","2025-08-28T16:33:36.353000","2025-08-28T16:33:36.353000","68a795970202102129f19984","officeofcjm@gmail.com","false"
"Create neighborhood Instagram Reel","Film a 30-second Reel walking through a neighborhood, highlighting 3 cool features. Use trending audio and hashtags like #[YourCity]Homes #LocalRealtor.","medium","pulse_based","social_media","6","true","pulse_score_range","21-60","","68b084e09e0eaf702538db7f","2025-08-28T16:33:36.370000","2025-08-28T16:33:36.370000","68a795970202102129f19984","officeofcjm@gmail.com","false"
"Record a local market update video","Film a 2-minute video sharing 3 recent home sales in your area. Post on social media with: ""Here's what's happening in [Neighborhood] real estate this week!""","medium","pulse_based","social_media","7","true","pulse_score_range","21-60","","68b084e09e0eaf702538db82","2025-08-28T16:33:36.429000","2025-08-28T16:33:36.429000","68a795970202102129f19984","officeofcjm@gmail.com","false"
"Follow up with 10 leads from last month","Call or text 10 people who showed interest previously but didn't move forward. Script: ""Hi [Name], checking in on your home search/sale. Anything new I can help with?""","medium","pulse_based","client_follow_up","8","true","pulse_score_range","21-80","","68b084e09e0eaf702538db83","2025-08-28T16:33:36.497000","2025-08-28T16:33:36.497000","68a795970202102129f19984","officeofcjm@gmail.com","false"
"Host an open house for another agent","Contact 3 agents and offer to host their open house this weekend. Collect visitor information and follow up with attendees about their home search.","medium","pulse_based","lead_generation","8","true","pulse_score_range","41-80","","68b084e09e0eaf702538db87","2025-08-28T16:33:36.531000","2025-08-28T16:33:36.531000","68a795970202102129f19984","officeofcjm@gmail.com","false"
"Write hyperlocal blog post about neighborhood","Write a 500-word blog post about a specific neighborhood: schools, amenities, recent sales. Title it ""Why [Neighborhood Name] is Perfect for [Type of Buyer].""","medium","pulse_based","social_media","5","true","pulse_score_range","41-80","","68b084e09e0eaf702538db8c","2025-08-28T16:33:36.895000","2025-08-28T16:33:36.895000","68a795970202102129f19984","officeofcjm@gmail.com","false"
"Launch Facebook ads for buyer leads","Set up a $10/day Facebook ad targeting renters in your area with: ""Tired of throwing money away on rent? Let me show you how to buy with as little as 3% down.""","medium","pulse_based","lead_generation","8","true","pulse_score_range","41-80","","68b084e09e0eaf702538db8d","2025-08-28T16:33:36.917000","2025-08-28T16:33:36.917000","68a795970202102129f19984","officeofcjm@gmail.com","false"
"Schedule 5 listing appointments this week","Contact expired listings, FSBOs, and old leads to schedule 5 listing presentations this week. Focus on homes that have been on market 30+ days.","medium","pulse_based","lead_generation","10","true","pulse_score_range","41-80","","68b084e09e0eaf702538db93","2025-08-28T16:33:36.956000","2025-08-28T16:33:36.956000","68a795970202102129f19984","officeofcjm@gmail.com","false"
"Launch ""Just Listed"" video marketing campaign","Create professional listing video and boost it on social media targeting neighbors within 1 mile. Budget $50 to reach potential sellers who might be inspired to list.","medium","pulse_based","social_media","8","true","pulse_score_range","61-100","","68b084e09e0eaf702538db94","2025-08-28T16:33:36.996000","2025-08-28T16:33:36.996000","68a795970202102129f19984","officeofcjm@gmail.com","false"
"Create neighborhood price analysis report","Analyze recent sales in target neighborhood and create professional report: ""Q4 Market Analysis: [Neighborhood Name]"". Share with 100+ homeowners in area.","medium","pulse_based","market_research","7","true","pulse_score_range","61-100","","68b084e19e0eaf702538db9b","2025-08-28T16:33:37.101000","2025-08-28T16:33:37.101000","68a795970202102129f19984","officeofcjm@gmail.com","false"
"Launch weekly market update newsletter","Create weekly email newsletter with local market stats, new listings, and sold properties. Send to 200+ contacts and promote subscription on social media.","medium","pulse_based","social_media","6","true","pulse_score_range","81-100","","68b084e19e0eaf702538db9c","2025-08-28T16:33:37.118000","2025-08-28T16:33:37.118000","68a795970202102129f19984","officeofcjm@gmail.com","false"
"Call 3 ""Coming Soon"" listings today","Find 3 ""Coming Soon"" listings and call the listing agents. Ask if they need buyers and offer to show the property to your qualified clients.","medium","pulse_based","lead_generation","7","true","pulse_score_range","0-80","","68b084e19e0eaf702538dba2","2025-08-28T16:33:37.181000","2025-08-28T16:33:37.181000","68a795970202102129f19984","officeofcjm@gmail.com","false"
"Update social media bio with recent success","Update your Instagram/Facebook bio with your latest win: ""Just helped the Johnson family find their dream home!"" Include a call-to-action to DM you.","medium","pulse_based","social_media","4","true","pulse_score_range","21-100","","68b084e19e0eaf702538dba3","2025-08-28T16:33:37.207000","2025-08-28T16:33:37.207000","68a795970202102129f19984","officeofcjm@gmail.com","false"
"Send thank you video to recent client","Record a 30-second thank you video for your most recent client and post it (with permission) on social media to show your appreciation and professionalism.","medium","pulse_based","client_follow_up","6","true","pulse_score_range","41-100","","68b084e19e0eaf702538dba4","2025-08-28T16:33:37.214000","2025-08-28T16:33:37.214000","68a795970202102129f19984","officeofcjm@gmail.com","false"
"Post before/after staging photos","If you have any listings being staged, post before/after photos on social media with: ""The power of staging! Which photo would make you want to see more?""","medium","pulse_based","social_media","5","true","pulse_score_range","21-100","","68b084e19e0eaf702538dba5","2025-08-28T16:33:37.222000","2025-08-28T16:33:37.222000","68a795970202102129f19984","officeofcjm@gmail.com","false"
"Follow up with 5 old leads via video text","Send personalized video texts to 5 old leads: ""Hey [Name], I know it's been a while but I wanted to check in about your real estate goals. Anything new?""","medium","pulse_based","client_follow_up","8","true","pulse_score_range","21-100","","68b084e19e0eaf702538dba7","2025-08-28T16:33:37.233000","2025-08-28T16:33:37.233000","68a795970202102129f19984","officeofcjm@gmail.com","false"
"Create ""Sold"" celebration post","Take a photo with your ""SOLD"" sign and happy clients (if they agree). Post with: ""Another family helped! If you're thinking of buying or selling, let's chat!""","medium","pulse_based","social_media","7","true","pulse_score_range","0-100","","68b084e19e0eaf702538dba9","2025-08-28T16:33:37.269000","2025-08-28T16:33:37.269000","68a795970202102129f19984","officeofcjm@gmail.com","false"
"Post local restaurant recommendation","Post about your favorite local restaurant with: ""Love supporting local businesses in [City]! If you're new to the area, this is a must-try spot!""","medium","pulse_based","social_media","3","true","pulse_score_range","0-60","","68b084e19e0eaf702538dbad","2025-08-28T16:33:37.321000","2025-08-28T16:33:37.321000","68a795970202102129f19984","officeofcjm@gmail.com","false"
"Send market update to 10 past clients","Text or email 10 past clients with: ""Your home has gained $X in value since you bought it! Would you like a detailed report?"" Include their address for personalization.","medium","pulse_based","client_follow_up","8","true","pulse_score_range","21-100","","68b084e19e0eaf702538dbae","2025-08-28T16:33:37.344000","2025-08-28T16:33:37.344000","68a795970202102129f19984","officeofcjm@gmail.com","false"
"Create ""New Listing Alert"" story series","When you get a new listing, create a 3-story Instagram series: 1) ""Just Listed!"" 2) Tour highlights 3) ""DM me for showing!"" Use location tags.","medium","pulse_based","social_media","6","true","pulse_score_range","41-100","","68b084e19e0eaf702538dbb0","2025-08-28T16:33:37.405000","2025-08-28T16:33:37.405000","68a795970202102129f19984","officeofcjm@gmail.com","false"
"Call 10 homeowners who bought 2-3 years ago","Use public records to find recent buyers (2-3 years ago) and call to ask: ""How are you enjoying your home? Are you thinking about any improvements or upgrades?""","medium","pulse_based","lead_generation","7","true","pulse_score_range","41-80","","68b084e19e0eaf702538dbb1","2025-08-28T16:33:37.419000","2025-08-28T16:33:37.419000","68a795970202102129f19984","officeofcjm@gmail.com","false"
"Share neighborhood school rankings post","Research and post about local school ratings: ""Parents looking in [Area]! Here are the top-rated schools and their boundaries. Great info for families!""","medium","pulse_based","social_media","5","true","pulse_score_range","21-80","","68b084e19e0eaf702538dbb2","2025-08-28T16:33:37.429000","2025-08-28T16:33:37.429000","68a795970202102129f19984","officeofcjm@gmail.com","false"
"Create first-time buyer tip post","Post helpful first-time buyer tip: ""First-time buyers: You can buy with as little as 3% down! Don't let rent money go to waste - let's explore your options!""","medium","pulse_based","social_media","6","true","pulse_score_range","0-80","","68b084e19e0eaf702538dbb4","2025-08-28T16:33:37.449000","2025-08-28T16:33:37.449000","68a795970202102129f19984","officeofcjm@gmail.com","false"
"Call 3 ""For Sale By Owner"" listings today","Find 3 FSBO listings on Craigslist/Facebook and call to offer free market analysis. Script: ""Hi, I saw your home for sale. I'd love to provide a free market analysis to help you price it right.""","medium","build_database","lead_generation","8","true","pulse_score_range","0-40","","68b084e09e0eaf702538db77","2025-08-28T16:33:36.235000","2025-10-20T17:40:41.406000","68a795970202102129f19984","officeofcjm@gmail.com","false"
"Introduce yourself to 2 local business owners","Visit 2 businesses near your target area. Introduce yourself as the new realtor, leave a business card, and ask if they know anyone looking to buy/sell.","medium","build_database","networking","6","true","pulse_score_range","0-30","","68b084e09e0eaf702538db78","2025-08-28T16:33:36.248000","2025-10-20T17:40:31.081000","68a795970202102129f19984","officeofcjm@gmail.com","false"
"Set up Google Alert for your target neighborhood","Create a Google Alert for ""[Your Neighborhood Name] real estate"" and ""[Your Neighborhood Name] homes for sale"" to stay informed of local news and opportunities.","medium","build_business","market_research","4","true","pulse_score_range","0-40","","68b084e09e0eaf702538db7a","2025-08-28T16:33:36.265000","2025-10-20T16:23:41.819000","68a795970202102129f19984","officeofcjm@gmail.com","false"
"Comment on 10 local Facebook group posts","Join local Facebook groups and comment helpfully on 10 posts related to moving, home improvements, or neighborhood questions. Add value, don't sell.","medium","build_database","social_media","5","true","pulse_score_range","0-40","","68b084e09e0eaf702538db7b","2025-08-28T16:33:36.294000","2025-10-20T17:40:23.027000","68a795970202102129f19984","officeofcjm@gmail.com","false"
"Call 5 rental property managers","Contact 5 rental property managers in your area. Offer to help their investors with buying more properties or tenants who want to buy their first home.","medium","build_database","networking","7","true","pulse_score_range","21-60","","68b084e09e0eaf702538db80","2025-08-28T16:33:36.379000","2025-10-20T17:35:32.301000","68a795970202102129f19984","officeofcjm@gmail.com","false"
"Attend one local networking event this week","Find and attend one Chamber of Commerce meeting, business mixer, or community event. Set goal to meet 5 new people and collect 5 business cards.","medium","build_database","networking","6","true","pulse_score_range","21-60","","68b084e09e0eaf702538db81","2025-08-28T16:33:36.417000","2025-10-20T17:33:47.860000","68a795970202102129f19984","officeofcjm@gmail.com","false"
"Partner with local coffee shop for referrals","Visit a popular local coffee shop and offer to provide ""New Resident Welcome Bags"" for their customers who just moved to the area. Leave your cards there.","medium","build_database","networking","5","true","pulse_score_range","21-60","","68b084e09e0eaf702538db86","2025-08-28T16:33:36.513000","2025-10-20T17:35:17.928000","68a795970202102129f19984","officeofcjm@gmail.com","false"
"Call 20 sphere contacts about referrals","Contact 20 people in your sphere. Ask: ""Who do you know that might be thinking about buying or selling real estate in the next 6 months?""","medium","build_database","lead_generation","9","true","pulse_score_range","41-80","","68b084e09e0eaf702538db88","2025-08-28T16:33:36.544000","2025-10-20T17:39:51.936000","68a795970202102129f19984","officeofcjm@gmail.com","false"
"Send market report to 50 contacts","Create a simple one-page market report with local stats and email/text it to 50 contacts with: ""Thought you'd find this interesting! Let me know if you have questions.""","medium","build_database","client_follow_up","7","true","pulse_score_range","41-80","","68b084e09e0eaf702538db89","2025-08-28T16:33:36.567000","2025-10-20T17:39:36.958000","68a795970202102129f19984","officeofcjm@gmail.com","false"
"Cold call 25 homeowners in target area","Use skip trace to call 25 homeowners in your target neighborhood. Script: ""Hi, I'm the local realtor for [Area]. I have buyers looking in your neighborhood. Any chance you've considered selling?""","medium","build_database","lead_generation","9","true","pulse_score_range","41-80","","68b084e09e0eaf702538db8a","2025-08-28T16:33:36.588000","2025-10-20T17:39:24.099000","68a795970202102129f19984","officeofcjm@gmail.com","false"
"Contact 10 divorce attorneys for referrals","Call 10 divorce attorneys in your area. Offer to be their go-to realtor for clients who need to sell homes quickly and fairly during divorce proceedings.","medium","build_database","networking","8","true","pulse_score_range","61-100","","68b084e19e0eaf702538db96","2025-08-28T16:33:37.031000","2025-10-20T17:35:46.537000","68a795970202102129f19984","officeofcjm@gmail.com","false"
"Host investor meetup at local restaurant","Organize a monthly real estate investor meetup. Invite 20 investors, promote on BiggerPockets and Facebook. Position yourself as the investor-friendly agent.","medium","build_database","networking","7","true","pulse_score_range","61-100","","68b084e19e0eaf702538db98","2025-08-28T16:33:37.062000","2025-10-20T17:36:01.959000","68a795970202102129f19984","officeofcjm@gmail.com","false"
"Circle prospect around new listing","Within 24 hours of getting a new listing, door knock or mail 100 neighbors with ""Your neighbor at [Address] just listed with me. I have buyers looking in your area!""","medium","build_database","lead_generation","9","true","pulse_score_range","61-100","","68b084e19e0eaf702538db99","2025-08-28T16:33:37.075000","2025-10-20T17:39:09.114000","68a795970202102129f19984","officeofcjm@gmail.com","false"
"Partner with 3 lenders for joint marketing","Contact 3 mortgage lenders to create joint first-time buyer seminars. Split costs on marketing and leads. Each of you brings different expertise.","medium","build_database","networking","8","true","pulse_score_range","61-100","","68b084e19e0eaf702538db9a","2025-08-28T16:33:37.086000","2025-10-20T17:36:11.764000","68a795970202102129f19984","officeofcjm@gmail.com","false"
"Speak at local business organization","Contact Chamber of Commerce, Rotary, or business groups to speak about ""Real Estate Market Outlook"" or ""Investment Opportunities in [Your City].""","medium","build_database","networking","8","true","pulse_score_range","81-100","","68b084e19e0eaf702538db9d","2025-08-28T16:33:37.128000","2025-10-20T17:36:23.192000","68a795970202102129f19984","officeofcjm@gmail.com","false"
"Launch referral partner incentive program","Create formal referral program for past clients: $500 gift card for referred buyers, $1000 for referred sellers. Announce via email blast and social media.","medium","build_database","client_follow_up","9","true","pulse_score_range","81-100","","68b084e19e0eaf702538db9e","2025-08-28T16:33:37.145000","2025-10-20T17:38:51.438000","68a795970202102129f19984","officeofcjm@gmail.com","false"
"Contact local news about market trends","Reach out to local news stations/papers to position yourself as market expert. Offer to comment on housing trends, interest rates, or local development news.","medium","build_database","networking","7","true","pulse_score_range","81-100","","68b084e19e0eaf702538dba0","2025-08-28T16:33:37.158000","2025-10-20T17:36:36.849000","68a795970202102129f19984","officeofcjm@gmail.com","false"
"Text everyone who liked your recent post","Go through your recent social media posts and personally text everyone who liked/commented: ""Thanks for the support! Let me know if you ever have real estate questions!""","medium","build_database","client_follow_up","6","true","pulse_score_range","0-60","","68b084e19e0eaf702538dba1","2025-08-28T16:33:37.167000","2025-10-20T17:38:36.116000","68a795970202102129f19984","officeofcjm@gmail.com","false"
"Research and contact 5 high-net-worth prospects","Use public records to find 5 homeowners with $500K+ homes who bought 5-7 years ago. Call to ask if they're considering upgrading or downsizing.","medium","build_database","lead_generation","9","true","pulse_score_range","41-100","","68b084e19e0eaf702538dba8","2025-08-28T16:33:37.257000","2025-10-20T17:38:02.903000","68a795970202102129f19984","officeofcjm@gmail.com","false"
"Leave door hangers in target neighborhood","Print 50 door hangers with ""Thinking of selling? I just sold a home on your street!"" and distribute them in neighborhoods with recent sales.","medium","build_database","lead_generation","6","true","pulse_score_range","21-80","","68b084e19e0eaf702538dbaa","2025-08-28T16:33:37.290000","2025-10-20T17:37:50.432000","68a795970202102129f19984","officeofcjm@gmail.com","false"
"Contact 3 estate sale companies","Call local estate sale companies and offer to help families who need to sell inherited homes quickly. Leave your card and information packet.","medium","build_database","networking","7","true","pulse_score_range","41-100","","68b084e19e0eaf702538dbab","2025-08-28T16:33:37.310000","2025-10-20T17:36:49.765000","68a795970202102129f19984","officeofcjm@gmail.com","false"
"Visit 5 businesses to drop off business cards","Stop by 5 local businesses (coffee shops, dry cleaners, salons) and introduce yourself. Ask if you can leave business cards for their customers.","medium","build_database","networking","5","true","pulse_score_range","0-40","","68b084e19e0eaf702538dbaf","2025-08-28T16:33:37.358000","2025-10-20T17:37:00.391000","68a795970202102129f19984","officeofcjm@gmail.com","false"
"Contact 5 moving companies for partnerships","Call 5 local moving companies to build referral relationships. Offer to recommend them to clients in exchange for referrals when people are relocating.","medium","build_database","networking","6","true","pulse_score_range","21-80","","68b084e19e0eaf702538dbb3","2025-08-28T16:33:37.444000","2025-10-20T17:37:08.749000","68a795970202102129f19984","officeofcjm@gmail.com","false"